label_name,bbox_x,bbox_y,bbox_width,bbox_height,image_name,image_width,image_height
Yorkie,823,1398,1332,1169,img_02.jpg,6000,4000
Yorkie,2680,1426,1207,2334,img_02.jpg,6000,4000
Shih-Tzu,3783,1391,1130,1273,img_02.jpg,6000,4000
Chihuahua,2064,1113,706,602,img_02.jpg,6000,4000
Beagle,921,1938,820,570,img_03.jpg,2311,3641
Labrador,7,2401,1167,863,img_04.jpg,4896,3264
Dingo,424,903,1334,1836,img_04.jpg,4896,3264
Labradoodle,1432,1320,1189,1351,img_04.jpg,4896,3264
Border Collie,2405,633,1297,1763,img_04.jpg,4896,3264
Schnauzer,3504,1087,673,854,img_04.jpg,4896,3264
Yorkie,2070,4860,1235,2053,img_05.jpg,5504,8256
Borzoi,3348,3403,1587,2886,img_05.jpg,5504,8256
Elk Hound,4,1533,1105,1754,img_06.jpg,2500,3750
Border Collie,992,1392,616,1715,img_06.jpg,2500,3750
Border Collie,1442,1249,835,1810,img_06.jpg,2500,3750
Shiba Inu,304,2188,951,695,img_07.jpg,3270,4905
Border Collie,1068,2218,1390,866,img_07.jpg,3270,4905
Boxer,479,292,2374,1839,img_08.jpg,5184,3456
Rhodesian,828,902,4356,2554,img_08.jpg,5184,3456
Dingo,233,996,1992,1165,img_09.jpg,4340,2893
Yorkie,935,1514,1036,782,img_09.jpg,4340,2893
Corgi,2195,1555,1421,830,img_09.jpg,4340,2893
Siberian Husky,2220,923,1462,1014,img_09.jpg,4340,2893
Bluetick,1501,536,1826,1680,img_09.jpg,4340,2893
Dingo,0,1240,2531,1705,img_10.jpg,5689,3793
Corgi,2551,1326,1240,1534,img_10.jpg,5689,3793
Siberian Husky,3389,663,1309,2147,img_10.jpg,5689,3793
Yorkie,4978,1992,711,947,img_10.jpg,5689,3793
Corgi,0,1781,592,1271,img_11.jpg,3456,5184
Siberian Husky,849,1708,1844,1839,img_11.jpg,3456,5184
Siberian Husky,2,1681,2669,3029,img_11.jpg,3456,5184
Groenendael,482,621,1539,1816,img_12.jpg,4000,6000
Groenendael,1525,1993,1002,1837,img_12.jpg,4000,6000
Collie,2198,3370,1717,2395,img_12.jpg,4000,6000
Siberian Husky,2173,1766,1241,2288,img_13.jpg,7952,5304
Vizsla,3252,1882,655,2417,img_13.jpg,7952,5304
Great Dane,3515,1347,1411,3611,img_13.jpg,7952,5304
Border Collie,5106,2126,1693,2675,img_13.jpg,7952,5304
Labradoodle,2011,1808,1946,2966,img_14.jpg,7952,5304
Labradoodle,4622,3441,1425,1416,img_14.jpg,7952,5304
Corgi,836,1638,1205,1779,img_15.jpg,2928,3456
Pit Bull,340,1319,1136,829,img_15.jpg,2928,3456
Rhodesian,1966,454,784,1641,img_15.jpg,2928,3456
Yorkie,5,307,238,323,img_16.jpg,500,640
Basset,2,210,406,233,img_16.jpg,500,640
Golden Retriever,3,52,430,214,img_16.jpg,500,640
Great Perenees,352,338,212,262,img_17.jpg,1170,780
Corgi,546,449,182,158,img_17.jpg,1170,780
Beagle,700,425,250,190,img_17.jpg,1170,780
Shih-Tzu,106,364,233,468,img_18.jpg,764,955
Shih-Tzu,384,355,235,449,img_18.jpg,764,955
Pug,530,2172,489,549,img_19.jpg,3072,4608
Pug,1055,2428,469,461,img_19.jpg,3072,4608
French Bulldog,1712,2244,653,1026,img_19.jpg,3072,4608
Pug,2662,2881,410,1447,img_19.jpg,3072,4608
Shih-Tzu,1949,3025,890,1262,img_19.jpg,3072,4608
French Bulldog,1137,2160,1315,2450,img_20.jpg,3834,5751
Golden Retriever,319,616,1502,2227,img_21.jpg,4267,2846
Golden Retriever,1691,698,1136,2064,img_21.jpg,4267,2846
Golden Retriever,2450,785,1817,2061,img_21.jpg,4267,2846
Border Collie,1062,1440,1078,2062,img_22.jpg,6240,4160
Blenheim,2411,2221,865,1338,img_22.jpg,6240,4160
Border Collie,3181,1266,2196,2304,img_22.jpg,6240,4160